c1,c2,c3,c4,c5,c6,c7,c8,c9
ACENAPHTHENE,1.20E+02,Vapor Intrusion,1.00E+03,site-specific,,6.60E+02,1.20E+02,1.20E+02
ACENAPHTHYLENE,5.50E+00,Groundwater Protection,5.00E+02,site-specific,,3.40E+02,(Use soil gas),5.50E+00
ACETONE,9.20E-01,Groundwater Protection,5.00E+02,site-specific,,1.20E+04,1.40E+04,9.20E-01
ALDRIN,3.90E+00,Direct Exposure,1.00E+03,site-specific,,3.90E+00,,8.40E+00
AMETRYN,1.30E+01,Groundwater Protection,5.00E+02,site-specific,,1.10E+02,,1.30E+01
"AMINO,2- DINITROTOLUENE,4,6-",8.50E-01,Groundwater Protection,5.00E+02,site-specific,,3.10E+01,,8.50E-01
"AMINO,4- DINITROTOLUENE,2,6-",5.20E-01,Groundwater Protection,5.00E+02,site-specific,,3.10E+01,,5.20E-01
ANTHRACENE,4.20E+00,Vapor Intrusion,5.00E+02,site-specific,,3.50E+03,4.20E+00,4.20E+00
ANTIMONY,6.30E+00,Direct Exposure,1.00E+03,site-specific,2.40E+00,6.30E+00,,(Use batch test)
ARSENIC,2.40E+01,Background,1.00E+03,site-specific,2.40E+01,2.30E+01,,(Use batch test)
ATRAZINE,1.10E-01,Groundwater Protection,5.00E+02,site-specific,,2.40E+00,,1.10E-01
BARIUM,1.00E+03,Ceiling Value,1.00E+03,site-specific,6.90E+02,3.10E+03,,(Use batch test)
BENOMYL,7.80E-03,Groundwater Protection,1.00E+03,site-specific,,6.30E+02,,7.80E-03
BENZENE,3.00E-01,Groundwater Protection,5.00E+02,site-specific,,1.20E+00,7.70E-01,3.00E-01
BENZO(a)ANTHRACENE,1.00E+01,Groundwater Protection,5.00E+02,site-specific,,1.60E+01,,1.00E+01
BENZO(a)PYRENE,1.60E+00,Direct Exposure,5.00E+02,site-specific,,1.60E+00,,5.90E+00
BENZO(b)FLUORANTHENE,5.40E+00,Groundwater Protection,5.00E+02,site-specific,,1.60E+01,,5.40E+00
"BENZO(g,h,i)PERYLENE",3.50E+01,Groundwater Protection,5.00E+02,site-specific,,4.80E+02,,3.50E+01
BENZO(k)FLUORANTHENE,2.90E+01,Groundwater Protection,5.00E+02,site-specific,,1.60E+02,,2.90E+01
BERYLLIUM,3.10E+01,Direct Exposure,1.00E+03,site-specific,3.00E+00,3.10E+01,,(Use batch test)
"BIPHENYL, 1,1-",1.00E+01,Direct Exposure,5.00E+02,site-specific,,1.00E+01,(Use soil gas),2.30E+02
BIS(2-CHLOROETHYL)ETHER,7.50E-05,Groundwater Protection,5.00E+02,site-specific,,2.40E-01,7.90E-03,7.50E-05
BIS(2-CHLORO-1-METHYLETHYL)ETHER,4.00E-03,Groundwater Protection,5.00E+02,site-specific,,3.80E+00,(Use soil gas),4.00E-03
BIS(2-ETHYLHEXYL)PHTHALATE,3.90E+01,Direct Exposure,5.00E+02,site-specific,,3.90E+01,,1.90E+02
BORON,1.00E+03,Ceiling Value,1.00E+03,site-specific,,3.10E+03,,(Use batch test)
BROMODICHLOROMETHANE,2.50E-03,Groundwater Protection,9.30E+02,site-specific,,3.20E-01,1.60E-02,2.50E-03
BROMOFORM,6.90E-01,Groundwater Protection,5.00E+02,site-specific,,2.00E+01,,6.90E-01
BROMOMETHANE,2.20E-01,Vapor Intrusion,5.00E+02,site-specific,,1.50E+00,2.20E-01,3.60E-01
CADMIUM,1.40E+01,Direct Exposure,1.00E+03,site-specific,2.30E+00,1.40E+01,,(Use batch test)
CARBON TETRACHLORIDE,1.00E-01,Vapor Intrusion,4.50E+02,site-specific,,7.10E-01,1.00E-01,9.10E-01
CHLORDANE (TECHNICAL),1.70E+01,Direct Exposure,1.00E+03,site-specific,,1.70E+01,,2.30E+01
"CHLOROANILINE, p-",7.30E-03,Groundwater Protection,1.00E+03,site-specific,,2.70E+00,,7.30E-03
CHLOROBENZENE,1.50E+00,Groundwater Protection,5.00E+02,site-specific,,5.90E+01,2.20E+00,1.50E+00
CHLOROETHANE,1.20E+00,Groundwater Protection,5.00E+02,site-specific,,2.10E+03,4.50E+02,1.20E+00
CHLOROFORM,2.60E-02,Vapor Intrusion,5.00E+02,site-specific,,3.40E-01,2.60E-02,7.90E-01
CHLOROMETHANE,4.00E+00,Vapor Intrusion,1.00E+02,site-specific,,2.40E+01,4.00E+00,1.10E+01
"CHLOROPHENOL, 2-",1.20E-02,Groundwater Protection,1.00E+02,site-specific,,7.00E+01,4.20E+01,1.20E-02
CHROMIUM (Total),1.10E+03,Background,-,site-specific,1.10E+03,,,(Use batch test)
CHROMIUM III,1.00E+03,Ceiling Value,1.00E+03,site-specific,,2.30E+04,,(Use batch test)
CHROMIUM VI,3.00E+01,Direct Exposure,1.00E+03,site-specific,,3.00E+01,,(Use batch test)
CHRYSENE,3.00E+01,Groundwater Protection,1.00E+03,site-specific,,1.60E+03,,3.00E+01
COBALT,8.00E+01,Background,1.00E+03,site-specific,8.00E+01,4.70E+00,,(Use batch test)
COPPER,6.30E+02,Direct Exposure,1.00E+03,site-specific,2.50E+02,6.30E+02,,(Use batch test)
CYANIDE (Free),4.80E+00,Direct Exposure,1.00E+02,site-specific,,4.80E+00,(Use soil gas),(Use batch test)
"CYCLO-1,3,5-TRIMETHYLENE-2,4,6-TRINITRAMINE (RDX)",1.00E-02,Groundwater Protection,5.00E+02,site-specific,,6.10E+00,,1.00E-02
DALAPON,1.10E-01,Groundwater Protection,5.00E+02,site-specific,,3.80E+02,,1.10E-01
"DIBENZO(a,h)ANTHTRACENE",1.60E+00,Direct Exposure,5.00E+02,site-specific,,1.60E+00,,2.90E+01
"DIBROMO,1,2- CHLOROPROPANE,3-",8.10E-04,Groundwater Protection,5.00E+02,site-specific,,5.70E-03,(Use soil gas),8.10E-04
DIBROMOCHLOROMETHANE,2.10E-03,Groundwater Protection,1.00E+02,site-specific,,1.00E+00,2.90E-02,2.10E-03
"DIBROMOETHANE, 1,2-",4.20E-04,Groundwater Protection,5.00E+02,site-specific,,3.90E-02,1.00E-03,4.20E-04
"DICHLOROBENZENE, 1,2-",7.50E-01,Groundwater Protection,3.80E+02,site-specific,,3.80E+02,8.90E+00,7.50E-01
"DICHLOROBENZENE, 1,3-",5.70E-01,Groundwater Protection,1.00E+02,site-specific,,2.00E+02,(Use soil gas),5.70E-01
"DICHLOROBENZENE, 1,4-",5.50E-02,Vapor Intrusion,5.00E+02,site-specific,,2.80E+00,5.50E-02,3.90E-01
"DICHLOROBENZIDINE, 3,3-",9.20E-02,Groundwater Protection,5.00E+02,site-specific,,1.20E+00,,9.20E-02
DICHLORODIPHENYLDICHLOROETHANE (DDD),2.30E+00,Direct Exposure,5.00E+02,site-specific,,2.30E+00,,6.30E+01
DICHLORODIPHENYLDICHLOROETHYLENE (DDE),2.00E+00,Direct Exposure,5.00E+02,site-specific,,2.00E+00,,2.80E+01
DICHLORODIPHENYLTRICHLOROETHANE (DDT),1.90E+00,Direct Exposure,1.00E+03,site-specific,,1.90E+00,,5.60E+00
"DICHLOROETHANE, 1,1-",1.10E-01,Groundwater Protection,5.00E+02,site-specific,,3.80E+00,3.80E-01,1.10E-01
"DICHLOROETHANE, 1,2-",2.30E-02,Vapor Intrusion,5.00E+02,site-specific,,5.00E-01,2.30E-02,7.00E-02
"DICHLOROETHYLENE, 1,1-",1.20E+00,Groundwater Protection,5.00E+02,site-specific,,4.90E+01,8.90E+00,1.20E+00
"DICHLOROETHYLENE, Cis 1,2-",3.60E-01,Vapor Intrusion,1.00E+02,site-specific,,3.90E+00,3.60E-01,2.20E+00
"DICHLOROETHYLENE, Trans 1,2-",3.60E+00,Vapor Intrusion,5.00E+02,site-specific,,2.90E+01,3.60E+00,6.50E+00
"DICHLOROPHENOL, 2,4-",7.30E-03,Groundwater Protection,5.00E+02,site-specific,,3.80E+01,,7.30E-03
"DICHLOROPHENOXYACETIC ACID (2,4-D)",3.40E-01,Groundwater Protection,5.00E+02,site-specific,,1.40E+02,,3.40E-01
"DICHLOROPROPANE, 1,2-",6.00E-02,Vapor Intrusion,1.00E+02,site-specific,,1.10E+00,6.00E-02,1.40E-01
"DICHLOROPROPENE, 1,3-",2.10E-03,Groundwater Protection,5.00E+02,site-specific,,1.90E+00,1.50E-01,2.10E-03
DIELDRIN,2.50E+00,Direct Exposure,1.00E+03,site-specific,,2.50E+00,,2.40E+01
DIETHYLPHTHALATE,3.70E+00,Groundwater Protection,5.00E+02,site-specific,,1.00E+04,,3.70E+00
"DIMETHYLPHENOL, 2,4-",9.80E+00,Groundwater Protection,1.00E+02,site-specific,,2.50E+02,,9.80E+00
DIMETHYLPHTHALATE,2.60E+01,Groundwater Protection,5.00E+02,site-specific,,1.30E+05,,2.60E+01
"DINITROBENZENE, 1,3-",1.20E-01,Groundwater Protection,5.00E+02,site-specific,,1.30E+00,,1.20E-01
"DINITROPHENOL, 2,4-",1.10E+00,Groundwater Protection,5.00E+02,site-specific,,2.50E+01,,1.10E+00
"DINITROTOLUENE, 2,4- (2,4-DNT)",2.40E-02,Groundwater Protection,5.00E+02,site-specific,,1.70E+00,,2.40E-02
"DINITROTOLUENE, 2,6- (2,6-DNT)",5.10E-03,Groundwater Protection,5.00E+02,site-specific,,3.60E-01,,5.10E-03
"DIOXANE, 1,4-",2.10E-04,Groundwater Protection,5.00E+02,site-specific,,5.40E+00,(Use soil gas),2.10E-04
DIOXINS (TEQ),2.40E-04,Direct Exposure,1.00E+03,site-specific,2.00E-05,2.40E-04,,3.00E-01
DIURON,7.30E-01,Groundwater Protection,5.00E+02,site-specific,,2.50E+01,,7.30E-01
ENDOSULFAN,1.30E+01,Groundwater Protection,5.00E+02,site-specific,,9.40E+01,,1.30E+01
ENDRIN,3.80E+00,Direct Exposure,5.00E+02,site-specific,,3.80E+00,,3.00E+01
ETHANOL,4.50E+00,Groundwater Protection,5.00E+02,site-specific,,,(Use soil gas),4.50E+00
ETHYLBENZENE,9.00E-01,Groundwater Protection,4.80E+02,site-specific,,6.30E+01,2.40E+01,9.00E-01
FLUORANTHENE,8.70E+01,Groundwater Protection,5.00E+02,site-specific,,4.80E+02,,8.70E+01
FLUORENE,9.30E+01,Vapor Intrusion,5.00E+02,site-specific,,4.60E+02,9.30E+01,9.30E+01
GLYPHOSATE,2.40E+02,Groundwater Protection,5.00E+02,site-specific,,1.30E+03,,2.40E+02
HEPTACHLOR,1.40E-01,Direct Exposure,1.00E+03,site-specific,,1.40E-01,,4.50E+01
HEPTACHLOR EPOXIDE,7.10E-02,Direct Exposure,1.00E+03,site-specific,,7.10E-02,,1.20E+01
HEXACHLOROBENZENE,2.20E-01,Direct Exposure,5.00E+02,site-specific,,2.20E-01,,2.30E-01
HEXACHLOROBUTADIENE,4.10E-02,Groundwater Protection,5.00E+02,site-specific,,1.30E+00,,4.10E-02
HEXACHLOROCYCLOHEXANE (gamma) LINDANE,2.90E-02,Groundwater Protection,5.00E+02,site-specific,,5.70E-01,,2.90E-02
HEXACHLOROETHANE,2.30E-02,Groundwater Protection,5.00E+02,site-specific,,2.00E+00,,2.30E-02
HEXAZINONE,1.40E+01,Groundwater Protection,5.00E+02,site-specific,,4.20E+02,,1.40E+01
"INDENO(1,2,3-cd)PYRENE",9.60E+00,Groundwater Protection,5.00E+02,site-specific,,1.60E+01,,9.60E+00
ISOPHORONE,8.90E-01,Groundwater Protection,5.00E+02,site-specific,,5.70E+02,,8.90E-01
LEAD,2.00E+02,Direct Exposure,1.00E+03,site-specific,7.30E+01,2.00E+02,,(Use batch test)
MERCURY,4.70E+00,Direct Exposure,5.00E+02,site-specific,7.20E-01,4.70E+00,,(Use batch test)
METHOXYCHLOR,1.60E+01,Groundwater Protection,5.00E+02,site-specific,,6.30E+01,,1.60E+01
METHYL ETHYL KETONE,6.20E+00,Groundwater Protection,5.00E+02,site-specific,,5.60E+03,2.20E+03,6.20E+00
METHYL ISOBUTYL KETONE,5.00E-01,Groundwater Protection,1.00E+02,site-specific,,3.40E+03,1.30E+03,5.00E-01
METHYL MERCURY,1.60E+00,Direct Exposure,1.00E+02,site-specific,,1.60E+00,,(Use batch test)
METHYL TERT BUTYL ETHER,2.80E-02,Groundwater Protection,1.00E+02,site-specific,,5.00E+01,2.30E+00,2.80E-02
METHYLENE CHLORIDE,1.20E-01,Groundwater Protection,5.00E+02,site-specific,,5.80E+01,2.20E+01,1.20E-01
"METHYLNAPHTHALENE, 1-",8.90E-01,Groundwater Protection,5.00E+02,site-specific,,1.00E+02,5.90E+01,8.90E-01
"METHYLNAPHTHALENE, 2-",1.90E+00,Groundwater Protection,5.00E+02,site-specific,,3.90E+01,5.00E+01,1.90E+00
MOLYBDENUM,7.80E+01,Direct Exposure,1.00E+03,site-specific,4.00E+00,7.80E+01,,(Use batch test)
NAPHTHALENE,3.10E+00,Groundwater Protection,5.00E+02,site-specific,,2.80E+01,7.00E+00,3.10E+00
NICKEL,4.10E+02,Background,1.00E+03,site-specific,4.10E+02,3.10E+02,,(Use batch test)
NITROBENZENE,5.30E-03,Groundwater Protection,5.00E+02,site-specific,,5.60E+00,(Use soil gas),5.30E-03
NITROGLYCERIN,3.90E-02,Groundwater Protection,5.00E+02,site-specific,,1.30E+00,,3.90E-02
"NITROTOLUENE, 2-",4.90E-03,Groundwater Protection,5.00E+02,site-specific,,2.20E+00,(Use soil gas),4.90E-03
"NITROTOLUENE, 3-",1.20E-01,Groundwater Protection,5.00E+02,site-specific,,1.30E+00,,1.20E-01
"NITROTOLUENE, 4-",2.90E-01,Groundwater Protection,5.00E+02,site-specific,,3.40E+01,,2.90E-01
PENTACHLOROPHENOL,9.80E-02,Groundwater Protection,5.00E+02,site-specific,,1.00E+00,,9.80E-02
PENTAERYTHRITOLTETRANITRATE (PETN),2.10E+00,Groundwater Protection,5.00E+02,site-specific,,2.50E+01,,2.10E+00
PERCHLORATE,7.00E-03,Groundwater Protection,1.00E+03,site-specific,,1.10E+01,,7.00E-03
PHENANTHRENE,6.90E+01,Groundwater Protection,5.00E+02,site-specific,,4.60E+02,(Use soil gas),6.90E+01
PHENOL,1.80E+00,Groundwater Protection,5.00E+02,site-specific,,3.80E+03,,1.80E+00
POLYCHLORINATED BIPHENYLS (PCBs),1.20E+00,Direct Exposure,5.00E+02,site-specific,,1.20E+00,,3.40E+01
PROPICONAZOLE,2.50E+01,Groundwater Protection,5.00E+02,site-specific,,1.60E+02,,2.50E+01
PYRENE,4.40E+01,Vapor Intrusion,5.00E+02,site-specific,,3.60E+02,4.40E+01,4.40E+01
SELENIUM,7.80E+01,Direct Exposure,1.00E+03,site-specific,7.10E+00,7.80E+01,,(Use batch test)
SILVER,7.80E+01,Direct Exposure,1.00E+03,site-specific,1.50E+00,7.80E+01,,(Use batch test)
SIMAZINE,9.70E-02,Groundwater Protection,5.00E+02,site-specific,,4.50E+00,,9.70E-02
STYRENE,9.10E-01,Groundwater Protection,5.00E+02,site-specific,,8.70E+02,4.50E+02,9.10E-01
TERBACIL,2.20E+00,Groundwater Protection,5.00E+02,site-specific,,1.60E+02,,2.20E+00
tert-BUTYL ALCOHOL,3.60E-02,Groundwater Protection,1.00E+02,site-specific,,9.90E+01,(Use soil gas),3.60E-02
"TETRACHLOROETHANE, 1,1,1,2-",1.80E-02,Groundwater Protection,1.00E+02,site-specific,,2.20E+00,(Use soil gas),1.80E-02
"TETRACHLOROETHANE, 1,1,2,2-",1.40E-03,Groundwater Protection,5.00E+02,site-specific,,6.50E-01,1.00E-02,1.40E-03
TETRACHLOROETHYLENE,9.80E-02,Vapor Intrusion,1.70E+02,site-specific,,1.10E+00,9.80E-02,6.40E-01
"TETRACHLOROPHENOL, 2,3,4,6-",5.60E-02,Groundwater Protection,5.00E+02,site-specific,,3.80E+02,,5.60E-02
"TETRANITRO-1,3,5,7-TETRAAZOCYCLOOCTANE (HMX)",1.90E+01,Groundwater Protection,5.00E+02,site-specific,,7.70E+02,,1.90E+01
THALLIUM,7.80E-01,Direct Exposure,1.00E+03,site-specific,2.50E-01,7.80E-01,,(Use batch test)
TOLUENE,7.80E-01,Groundwater Protection,5.00E+02,site-specific,,8.20E+02,8.20E+02,7.80E-01
TOXAPHENE,4.90E-01,Direct Exposure,5.00E+02,site-specific,,4.90E-01,,2.50E+02
TPH (gasolines),1.00E+02,Ceiling Value,1.00E+02,site-specific,,4.80E+02,(Use soil gas),1.00E+02
TPH (middle distillates),1.00E+02,Groundwater Protection,5.00E+02,site-specific,,2.60E+02,(Use soil gas),1.00E+02
TPH (residual fuels),5.00E+02,Ceiling Value,5.00E+02,site-specific,,9.40E+03,,1.00E+03
"TRICHLOROBENZENE, 1,2,4-",1.60E-01,Vapor Intrusion,5.00E+02,site-specific,,8.20E+00,1.60E-01,1.60E+01
"TRICHLOROETHANE, 1,1,1-",1.20E+00,Groundwater Protection,5.00E+02,site-specific,,6.40E+02,2.20E+02,1.20E+00
"TRICHLOROETHANE, 1,1,2-",8.90E-03,Vapor Intrusion,1.00E+02,site-specific,,3.20E-01,8.90E-03,7.60E-02
TRICHLOROETHYLENE,8.90E-02,Vapor Intrusion,5.00E+02,site-specific,,8.90E-01,8.90E-02,3.60E-01
"TRICHLOROPHENOL, 2,4,5-",5.00E-01,Groundwater Protection,1.00E+02,site-specific,,1.30E+03,,5.00E-01
"TRICHLOROPHENOL, 2,4,6-",3.10E-01,Groundwater Protection,5.00E+02,site-specific,,1.30E+01,,3.10E-01
"TRICHLOROPHENOXYACETIC ACID, 2,4,5- (2,4,5-T)",3.60E+00,Groundwater Protection,1.00E+03,site-specific,,1.30E+02,,3.60E+00
"TRICHLOROPHENOXYPROPIONIC ACID, 2,4,5- (2,4,5-TP)",8.70E-01,Groundwater Protection,5.00E+02,site-specific,,1.00E+02,,8.70E-01
"TRICHLOROPROPANE, 1,2,3-",1.60E-03,Direct Exposure,1.00E+02,site-specific,,1.60E-03,(Use soil gas),1.30E-02
"TRICHLOROPROPENE, 1,2,3-",8.10E-02,Groundwater Protection,1.00E+02,site-specific,,1.60E-01,(Use soil gas),8.10E-02
TRIFLURALIN,1.80E+01,Groundwater Protection,1.00E+02,site-specific,,9.00E+01,,1.80E+01
"TRINITROBENZENE, 1,3,5-",2.80E+00,Groundwater Protection,5.00E+02,site-specific,,4.50E+02,,2.80E+00
"TRINITROPHENYLMETHYLNITRAMINE, 2,4,6- (TETRYL)",3.10E+01,Groundwater Protection,5.00E+02,site-specific,,3.10E+01,,3.10E+01
"TRINITROTOLUENE, 2,4,6- (TNT)",1.20E+00,Groundwater Protection,5.00E+02,site-specific,,7.30E+00,,1.20E+00
VANADIUM,7.70E+02,Background,1.00E+03,site-specific,7.70E+02,7.80E+01,,(Use batch test)
VINYL CHLORIDE,3.60E-02,Vapor Intrusion,5.00E+02,site-specific,,5.90E-02,3.60E-02,3.50E-01
XYLENES,1.40E+00,Groundwater Protection,2.60E+02,site-specific,,1.20E+02,4.50E+01,1.40E+00
ZINC,1.00E+03,Ceiling Value,1.00E+03,site-specific,3.50E+02,4.70E+03,,(Use batch test)