c1,c2,c3,c4,c5,c6,c7,c8,c9,c10,c11,c12,c13,c14,c15,c16
ACENAPHTHENE,D,,4;5,,,,,,3,,,,,3,
ACENAPHTHYLENE,D,,,,,,,4;5,3,,,,,3,#NAME?
ACETONE,D,,4;5,,,,,2,,4;5,,,,,
ALDRIN,B2,,5,,,,,,,,2,,,,
AMETRYN,D,,5,,,,,,,,,,,,
AMINO;2- DINITROTOLUENE;4;6-,D,,2;6,,,,2;3,2;6,,,,6,,2;3,No data; TNT data shown
AMINO;4- DINITROTOLUENE;2;6-,D,,2;6,,,,2;3,2;6,,,,6,,2;3,No data; TNT data shown
ANTHRACENE,D,,,,,,,,3,,,,,3,
ANTIMONY,D,,,3,,,2;3,4;6,,,,3,1;2;3,,
ARSENIC,A,,2;3;5,1;3,1;2;3,,,2;3;5,,,1;2;3,,,1;2;3;5,
ATRAZINE,C,,2,5;7,3;4;5,,,,,2,,7,,2,
BARIUM,D,,,3,,,,4,,5,,4,,,
BENOMYL,C,,,,5,,,,,,,,,,
BENZENE,A,,2,,1;3,,,1;2;3,2,,1,,,,
BENZO(a)ANTHRACENE,B2,M,,,,,,,3,,,,,3,No chronic toxicity factors.
BENZO(a)PYRENE,B2,M,,,,,,,3,,,2,,3,No chronic toxicity factors.
BENZO(b)FLUORANTHENE,B2,M,,,,,,,3,,,,,3,No chronic toxicity factors.
BENZO(g;h;i)PERYLENE,D,,4;5,,,,,4;5,3,4;5,,,,3,#NAME?
BENZO(k)FLUORANTHENE,B2,M,,,,,,,3,,,,,3,No chronic toxicity factors.
BERYLLIUM,B1,,1;5,,,,,,1,,,,1;2;3;5,2,
BIPHENYL; 1;1-,D,,2,,,,,,,5,2,,,,
BIS(2-CHLOROETHYL)ETHER,B2,,,,,,,,,,3,3,,,No chronic toxicity factors.
BIS(2-CHLORO-1-METHYLETHYL)ETHER,B2,,,,,,,5,,,,,,,
BIS(2-ETHYLHEXYL)PHTHALATE,?,,6;7,,,,,,,,,7,,,No chronic toxicity factors.
BORON,D,,,,,,,,,,,3;5,4,,
BROMODICHLOROMETHANE,B2,,3,,,,,,,3;5,,,,,
BROMOFORM,B2,,2;3;5,,,,,,,3,2;3,,,,
BROMOMETHANE,D,,1;2;4;5,2,,,1,,,1;2;3,2;3,,2;3;4;5,,
CADMIUM,B1/D,,,,,,,,,1;2;3;4;5,,,1;2;3,,bone loss (1;3)
CARBON TETRACHLORIDE,B2,,1;3;5,,1,,,,,3,1,,,,
CHLORDANE (TECHNICAL),B2,,2;3;5,,,,,,2;4,,3,,,,
CHLOROANILINE; p-,?,,2;5,,,,,,4,2,,,,2,
CHLOROBENZENE,D,,1;2;4;5,,,,,2,,1;2;3;4,2,1,,,
CHLOROETHANE,B,,1,,1;3,,,,,,,,,,
CHLOROFORM,B2,,1;2;3;5,,1,,,,,1;2;3,,,,,
CHLOROMETHANE,C/D,,,,3,,,,,,2,2;3,,,
CHLOROPHENOL; 2-,D,,1;3,,1,,,,,,,1;4;5,,,
CHROMIUM (Total),-,,,,,,,,,,,,,,
CHROMIUM III,D,,,,,,,1,,,,,1,2,
CHROMIUM VI,A,M,,,,,,1,,,,1,1;5,,
CHRYSENE,B2,M,,,,,,,3,,,,,3,No chronic toxicity factors.
COBALT,?,,,2,,,,,,,,,2,2,hearing (2)
COPPER,D,,7,,,,,,,,,,1;3,2,
CYANIDE (Free),D,,,1;3,,1;3;5,,3,,,1;4;5,,3,,
CYCLO-1;3;5-TRIMETHYLENE-2;4;6-TRINITRAMINE (RDX),C,,3,,3,,,,,3,,,,,
DALAPON,D,,,,,,,,,2;5;7,,,,,
DIBENZO(a;h)ANTHTRACENE,B2,M,,,,,,,3,,,,,2;3,
DIBROMO-3-CHLOROPROPANE; 1;2-,B2,M,1,,1,,,,,2,,1;2;3;4;5,1,,
DIBROMOCHLOROMETHANE,C,,5,,,,,,,,,,,,
DIBROMOETHANE; 1;2-,B2,,,,3,,,,,,,3,1;2,,
DICHLOROBENZENE; 1;2-,D,,2,,,,,,,2,,,,2,
DICHLOROBENZENE; 1;3-,D,,2,,,,,,,2,,,,,
DICHLOROBENZENE; 1;4-,C,,1;2;5,,,,,2,,1;2,1;,5,1,,
DICHLOROBENZIDINE; 3;3-,B2,,2,,,,,,,,,,,,No chronic toxicity factors.
DICHLORODIPHENYLDICHLOROETHANE (DDD),B2,,,,,,,,,,,,,,No chronic toxicity factors.
DICHLORODIPHENYLDICHLOROETHYLENE (DDE),B2,,,,,,,,,,,,,,No chronic toxicity factors.
DICHLORODIPHENYLTRICHLOROETHANE (DDT),B2,,2;3;5,,,,,,,,2,2,,,
DICHLOROETHANE; 1;1-,C,,2,,,,,,,2;3;4;6,,,,,
DICHLOROETHANE; 1;2-,B2,,1;,,,,,,,,,,,,
DICHLOROETHYLENE; 1;1-,C/D,,1;2;3;4;5,,,,,,,2,3,,3,,
DICHLOROETHYLENE; Cis 1;2-,D,,3,,,,,3;4;6,,,,,,,
DICHLOROETHYLENE; Trans 1;2-,D,,3,,,,,4;5,,,,,3,,
DICHLOROPHENOL; 2;4-,E,,,,,,,,4,,,,,,
DICHLOROPHENOXYACETIC ACID (2;4-D),D,,5;7,,,7,,5,,5;7,,,,,
DICHLOROPROPANE; 1;2-,B2,,2,,,,,2,,,,,4,,
DICHLOROPROPENE; 1;3-,B2,,5,,,,,,,,,,3,,
DIELDRIN,B2,,5,,,,,,,,2,,,,
DIETHYLPHTHALATE,D,,,,5,,,,,,,3,,,
DIMETHYLPHENOL; 2;4-,?,,,,,,,4;5,,,4;5,,,,
DIMETHYLPHTHALATE,D,,,,,,,,,,,,,,Information not available
DINITROBENZENE; 1;3-,D,,2,,2,,2,2,5,,2,2,,,
DINITROPHENOL; 2;4-,?,,,,,,2;5,,,,2,,,,
DINITROTOLUENE; 2;4- (2;4-DNT),D,,5;6,3,,,,2;3;5;6,,,3;5;6,4;6,,,
DINITROTOLUENE; 2;6- (2;6-DNT),D,,6,3,2,,,2;3;6,,,3,2;6,,,
DIOXANE; 1;4-,B2,,1,1,,,,,,1,,,,,
DIOXIN (2;3;7;8-TCDD),B1?,,1;3,,1;3,1;3,,1,3,,,1;3,1;3,3,No chronic toxicity factors.
DIURON,D,,,,,,,5,,,,,,,
ENDOSULFAN,?,,3,,3;5,,,5,3,3;4;5,3;5,3,,,
ENDRIN,D,,4;5,,3,,,,,5,4,,,,
ETHANOL,D,,,,,,,,,,,,,,
ETHYLBENZENE,D,,1;4;5,,1;3;5,1,,,,1;4;5,2,2,,2,
FLUORANTHENE,D,,4;5,,,,,4;5,3,4;5,,,,3,
FLUORENE,D,,,,,,,4;5,3,,,,,3,
GLYPHOSATE,D,,,,,,,,,5;7,,7,,,
HEPTACHLOR,B2,,5,,,,,,,,6,,,,
HEPTACHLOR EPOXIDE,B2,,5,,,,,,,,6,,,,
HEXACHLOROBENZENE,B2,,1;2;3;5,,,3,,3,3,3,2;3,2,,,bones (3)
HEXACHLOROBUTADIENE,C,,3,,,,,,,3,,,,2,
HEXACHLOROCYCLOHEXANE (gamma) LINDANE,B2,,1,,,,,,,1;2;5,,,,,
HEXACHLOROETHANE,C,,2;3,,,,,,,2;3;5,,,,,
HEXAZINONE,D,,,,5,,,,,,,,,,
INDENO(1;2;3-cd)PYRENE,B2,M,,,,,,,3,,,,,3,No chronic toxicity factors.
ISOPHORONE,C,,1,,1,,,,,,,,,,
LEAD,B2,,2;6,6,2;6,,,2;6,2;6,2;6,2;6,6,,,
MERCURY,D,,,,3,,,,1,1;2,1;2;4;5,,,,
METHOXYCHLOR,D,,2,,5,,,,,2,2,2;4;5,,,
METHYL ETHYL KETONE,D,,,,5,,,,,,,1;2,,,
METHYL ISOBUTYL KETONE,D,,,,,,,,,,6,,,,
METHYL MERCURY,C,,,,5,,,,,,1;5,,,,
METHYL TERT BUTYL ETHER,?,,1;5,,,,1,,,1;5,,,,,
METHYLENE CHLORIDE,B2,M,2;5,1,,,,,,2,1,,,,
METHYLNAPHTHALENE; 1-,C,,,,,,,4;5,3,,,,,3,#NAME?
METHYLNAPHTHALENE; 2-,D,,,,,,,4;5,3,,,,,3,#NAME?
MOLYBDENUM,D,,,,,,,5,,,,,,,
NAPHTHALENE,C,,,,,,2,2,3,,,,1;5,3,
NICKEL,A/D,,1;5,,,,,1,,5,,,1;2,2,
NITROBENZENE,D,,1;2;3;4;5;6,,2,4;5;6,,2;3;4;5;6,,4;5;6,1;6,,2,6,
NITROGLYCERIN,?,,,,,,,,,,,,,,Information not available
NITROTOLUENE; 2-,?,,2,,,,,2,,,,2,,,
NITROTOLUENE; 3-,D,,,,,,,2,,,,,,,
NITROTOLUENE; 4-,?,,2,,,,,2,,,,2,,,
PENTACHLOROPHENOL,B2,,1;2;3;5,,1;3,,,3,3,2;5,2;3,1,2;3,,
PENTAERYTHRITOLTETRANITRATE (PETN),?,,,,,,,,,,,,,,Information not available
PERCHLORATE,D,,,,,7,,2,,,,,,,
PHENANTHRENE,D,,,,,,,4;5,3,,,,,3,#NAME?
PHENOL,D,,1;2,,3;5,,,1,,1;2,1,4,1,,
POLYCHLORINATED BIPHENYLS (PCBs),B2,,1;2;3,,1;3,3,5,3,1;3;5,,,1;2;3,,3,
PROPICONAZOLE,D,,5,,,,,,,,,,,,
PYRENE,D,,,,,,,,3,4;5,,,,,
SELENIUM,D,,1;2;5,1,,,,5,,,1,,1;2,2;3;5,Selenosis (3;5)
SILVER,D,,,,,,,,,,,,,2;3;5,
SIMAZINE,?,,,,4;5,,,5;7,,,,,,2,
STYRENE,C,,3;4;5,,,,,4;5,,,1;2;4;5,,2,2,
TERBACIL,D,,5,,,5,,,,,,,,,
tert-BUTYL ALCOHOL,?,,,,,,,,,,,,,,No chronic toxicity factors.
TETRACHLOROETHANE; 1;1;1;2-,C,,5,,,,,,,5,,,,,
TETRACHLOROETHANE; 1;1;2;2-,C,,2;3,,,,,,,,2;3,,,,
TETRACHLOROETHYLENE,C,,1;2;5,,,,,,,1;2,,,,,
TETRACHLOROPHENOL; 2;3;4;6-,D,,1,,1,,,,,,,1,,,
TETRANITRO-1;3;5;7-TETRAAZOCYCLOOCTANE (HMX),D,,,,,,,,,,,,,,
THALLIUM,D,,2,2,,,2,5,,,2;3,2;3,,2,
TOLUENE,D,,4;5,,1;3,,,,,4;5,1;2;5,2,1;5,,
TOXAPHENE,B2,,3,,,3,,,3,3,,,,,
TPH (gasolines),D,,8,,,,,8,,8,8,,,,Decreased body weight
TPH (middle distillates),D,,8,,,,,8,,8,8,,,,Decreased body weight
TPH (residual fuels),D,,8,,,,,8,,8,8,,,,Decreased body weight
TRICHLOROBENZENE; 1;2;4-,D,,,,,4;5,,,,,,,,,
TRICHLOROETHANE; 1;1;1-,D,,2;6,7,,,,,,,1,,,,
TRICHLOROETHANE; 1;1;2-,C,,5,,,,,6,7,,,,,2,
TRICHLOROETHYLENE,B2,M,2;3;6,,3;6,,1,3,6,2;3;6,1;2;3,,,,
TRICHLOROPHENOL; 2;4;5-,D,,1;2;4;5,,1,,,,,2;4;5,,1,,,
TRICHLOROPHENOL; 2;4;6-,B2,,2,,,,,,,,,,,,
TRICHLOROPHENOXYACETIC ACID; 2;4;5- (2;4;5-T),D,,,,2,,,,,5,,2;5,,,
TRICHLOROPHENOXYPROPIONIC ACID; 2;4;5- (2;4;5-TP),D,,4;5;7,,,,,,,,,,,,
TRICHLOROPROPANE; 1;2;3-,A2,M,3,,,,,3;5,,3,,,3,,
TRICHLOROPROPENE; 1;2;3-,D,,,,,,,,,,,,,,Information not available
TRIFLURALIN,C,,5,,,,,5,,,,,,2,
TRINITROPHENYLMETHYLNITRAMINE; 2;4;6- (TETRYL),D,,2,,,,,2,,2,,,2,2,
TRINITROTOLUENE; 1;3;5-,?,,,,,,,,,,,,,,Information not available
TRINITROTOLUENE; 2;4;6- (TNT),C,,2;5;6,,,,2;3,2;6,,,,6,,2;3,
VANADIUM,D,,3,,,,,,,3,,,2;3,,
VINYL CHLORIDE,A,M,1;2;3;5,,1;3,,,2;3,3,,3,1;3,,2,No chronic toxicity factors.
XYLENES,D,,,,,,,,,,1;2;3;4;5,,1,,
ZINC,D,,,1,,3,,1;3;4;5,,,,,1,,
