c1,c2,c3,c4,c5,c6,c7,c8,c9
ACENAPHTHENE,9.9E+02,USEPA Aquatic Organism Consumption,,9.9E+02,,,,
ACENAPHTHYLENE,,,,,,,,
ACETONE,,,,,,,,
ALDRIN,2.6E-05,HI DOH Fish Consumption,2.6E-05,5.0E-05,,,,
AMETRYN,,,,,,,,
"AMINO,2- DINITROTOLUENE,4,6-",,,,,,,,
"AMINO,4- DINITROTOLUENE,2,6-",,,,,,,,
ANTHRACENE,4.0E+04,USEPA Aquatic Organism Consumption,,4.0E+04,,,,
ANTIMONY,1.5E+04,HI DOH Fish Consumption,1.5E+04,6.4E+02,,,,
ARSENIC,1.4E-01,USEPA Aquatic Organism Consumption,,1.4E-01,,,,
ATRAZINE,,,,,,,,
BARIUM,,,,,,,,
BENOMYL,,,,,,,,
BENZENE,1.3E+01,HI DOH Fish Consumption,1.3E+01,5.1E+01,,,,
BENZO(a)ANTHRACENE,1.8E-02,USEPA Aquatic Organism Consumption,,1.8E-02,,,,
BENZO(a)PYRENE,1.8E-02,USEPA Aquatic Organism Consumption,,1.8E-02,,,,
BENZO(b)FLUORANTHENE,1.8E-02,USEPA Aquatic Organism Consumption,,1.8E-02,,,,
"BENZO(g,h,i)PERYLENE",,,,,,,,
BENZO(k)FLUORANTHENE,1.8E-02,USEPA Aquatic Organism Consumption,,1.8E-02,,,,
BERYLLIUM,3.8E-02,HI DOH Fish Consumption,3.8E-02,,,,,
"BIPHENYL, 1,1-",,,,,,,,
BIS(2-CHLOROETHYL)ETHER,4.4E-01,HI DOH Fish Consumption,4.4E-01,5.3E-01,,,,
BIS(2-CHLORO-1-METHYLETHYL)ETHER,1.4E+03,HI DOH Fish Consumption,1.4E+03,6.5E+04,,,,
BIS(2-ETHYLHEXYL)PHTHALATE,2.2E+00,USEPA Aquatic Organism Consumption,,2.2E+00,,,,
BORON,,,,,,,,
BROMODICHLOROMETHANE,,,,,,,,
BROMOFORM,1.4E+02,USEPA Aquatic Organism Consumption,,1.4E+02,,,,
BROMOMETHANE,1.5E+03,USEPA Aquatic Organism Consumption,,1.5E+03,,,,
CADMIUM,,,,,,,,
CARBON TETRACHLORIDE,2.3E+00,HI DOH Fish Consumption,2.3E+00,1.6E+00,,,,
CHLORDANE (TECHNICAL),1.6E-05,HI DOH Fish Consumption,1.6E-05,8.1E-04,,,,
"CHLOROANILINE, p-",,,,,,,,
CHLOROBENZENE,2.1E+04,USEPA Aquatic Organism Consumption,,2.1E+04,,,,
CHLOROETHANE,,,,,,,,
CHLOROFORM,5.1E+00,HI DOH Fish Consumption,5.1E+00,4.7E+02,,,,
CHLOROMETHANE,,,,,,,,
"CHLOROPHENOL, 2-",1.5E+02,USEPA Aquatic Organism Consumption,,1.5E+02,,,,
CHROMIUM (Total),,,,,,,,
CHROMIUM III,,,,,,,,
CHROMIUM VI,,,,,,,,
CHRYSENE,1.8E-02,USEPA Aquatic Organism Consumption,,1.8E-02,,,,
COBALT,,,,,,,,
COPPER,,,,,,,,
CYANIDE (Free),2.2E+05,USEPA Aquatic Organism Consumption,,2.2E+05,,,,
"CYCLO-1,3,5-TRIMETHYLENE-2,4,6-TRINITRAMINE (RDX)",,,,,,,,
DALAPON,,,,,,,,
"DIBENZO(a,h)ANTHTRACENE",1.8E-02,USEPA Aquatic Organism Consumption,,1.8E-02,,,,
"DIBROMO-3-CHLOROPROPANE, 1,2-",,,,,,,,
DIBROMOCHLOROMETHANE,1.3E+01,USEPA Aquatic Organism Consumption,,1.3E+01,,,,
"DIBROMOETHANE, 1,2-",,,,,,,,
"DICHLOROBENZENE, 1,2-",8.5E+02,HI DOH Fish Consumption,8.5E+02,1.7E+04,,,,
"DICHLOROBENZENE, 1,3-",8.5E+02,HI DOH Fish Consumption,8.5E+02,9.6E+02,,,,
"DICHLOROBENZENE, 1,4-",8.5E+02,HI DOH Fish Consumption,8.5E+02,2.6E+03,,,,
"DICHLOROBENZIDINE, 3,3-",7.0E-03,HI DOH Fish Consumption,7.0E-03,2.8E-02,,,,
DICHLORODIPHENYLDICHLOROETHANE (DDD),3.1E-04,USEPA Aquatic Organism Consumption,,3.1E-04,,,,
DICHLORODIPHENYLDICHLOROETHYLENE (DDE),2.2E-04,USEPA Aquatic Organism Consumption,,2.2E-04,,,,
DICHLORODIPHENYLTRICHLOROETHANE (DDT),8.0E-06,HI DOH Fish Consumption,8.0E-06,2.2E-04,,,,
"DICHLOROETHANE, 1,1-",,,,,,,,
"DICHLOROETHANE, 1,2-",7.9E+01,HI DOH Fish Consumption,7.9E+01,3.7E+01,,,,
"DICHLOROETHYLENE, 1,1-",6.0E-01,HI DOH Fish Consumption,6.0E-01,3.2E+00,,,,
"DICHLOROETHYLENE, Cis 1,2-",,,,,,,,
"DICHLOROETHYLENE, Trans 1,2-",140000,USEPA Aquatic Organism Consumption,,140000,,,,
"DICHLOROPHENOL, 2,4-",2.9E+02,USEPA Aquatic Organism Consumption,,2.9E+02,,,,
"DICHLOROPHENOXYACETIC ACID (2,4-D)",,,,,,,,
"DICHLOROPROPANE, 1,2-",1.5E+01,USEPA Aquatic Organism Consumption,,1.5E+01,,,,
"DICHLOROPROPENE, 1,3-",4.6E+00,HI DOH Fish Consumption,4.6E+00,1.7E+03,,,,
DIELDRIN,2.5E-05,HI DOH Fish Consumption,2.5E-05,5.4E-05,,,,
DIETHYLPHTHALATE,4.4E+04,USEPA Aquatic Organism Consumption,,4.4E+04,,,,
"DIMETHYLPHENOL, 2,4-",8.5E+02,USEPA Aquatic Organism Consumption,,8.5E+02,,,,
DIMETHYLPHTHALATE,1.1E+06,USEPA Aquatic Organism Consumption,,1.1E+06,,,,
"DINITROBENZENE, 1,3-",,,,,,,,
"DINITROPHENOL, 2,4-",5.3E+03,USEPA Aquatic Organism Consumption,,5.3E+03,,,,
"DINITROTOLUENE, 2,4- (2,4-DNT)",3.0E+00,HI DOH Fish Consumption,3.0E+00,3.4E+00,,,,
"DINITROTOLUENE, 2,6- (2,6-DNT)",,,,,,,,
"DIOXANE, 1,4-",,,,,,,,
DIOXINS (TEQ),5.0E-09,HI DOH Fish Consumption,5.0E-09,5.1E-09,,,,
DIURON,,,,,,,,
ENDOSULFAN,5.2E+01,HI DOH Fish Consumption,5.2E+01,8.9E+01,,,,
ENDRIN,8.1E-01,USEPA Aquatic Organism Consumption,,8.1E-01,,,,
ETHANOL,,,,,,,,
ETHYLBENZENE,1.1E+03,HI DOH Fish Consumption,1.1E+03,2.9E+04,,,,
FLUORANTHENE,1.8E+01,HI DOH Fish Consumption,1.8E+01,1.4E+02,,,,
FLUORENE,5.3E+03,USEPA Aquatic Organism Consumption,,5.3E+03,,,,
GLYPHOSATE,,,,,,,,
HEPTACHLOR,9.0E-05,HI DOH Fish Consumption,9.0E-05,7.9E-05,,,,
HEPTACHLOR EPOXIDE,3.9E-05,USEPA Aquatic Organism Consumption,,3.9E-05,,,,
HEXACHLOROBENZENE,2.4E-04,HI DOH Fish Consumption,2.4E-04,2.9E-04,,,,
HEXACHLOROBUTADIENE,1.6E+01,HI DOH Fish Consumption,1.6E+01,1.8E+01,,,,
HEXACHLOROCYCLOHEXANE (gamma) LINDANE,2.0E-02,HI DOH Fish Consumption,2.0E-02,6.3E-02,,,,
HEXACHLOROETHANE,2.9E+00,HI DOH Fish Consumption,2.9E+00,3.3E+00,,,,
HEXAZINONE,,,,,,,,
"INDENO(1,2,3-cd)PYRENE",1.8E-02,USEPA Aquatic Organism Consumption,,1.8E-02,,,,
ISOPHORONE,1.7E+05,HI DOH Fish Consumption,1.70E+05,,,,,
LEAD,,,,,,,,
MERCURY,4.7E-02,HI DOH Fish Consumption,4.7E-02,3.0E-01,,,,
METHOXYCHLOR,,,,,,,,
METHYL ETHYL KETONE,,,,,,,,
METHYL ISOBUTYL KETONE,,,,,,,,
METHYL MERCURY,,,,,,,,
METHYL TERT BUTYL ETHER,,,,,,,,
METHYLENE CHLORIDE,5.9E+02,USEPA Aquatic Organism Consumption,,5.9E+02,,,,
"METHYLNAPHTHALENE, 1-",,,,,,,,
"METHYLNAPHTHALENE, 2-",,,,,,,,
MOLYBDENUM,,,,,,,,
NAPHTHALENE,,,,,,,,
NICKEL,3.3E+01,HI DOH Fish Consumption,3.3E+01,4.6E+03,,,,
NITROBENZENE,,,,,,,,
NITROGLYCERIN,,,,,,,,
"NITROTOLUENE, 2-",,,,,,,,
"NITROTOLUENE, 3-",,,,,,,,
"NITROTOLUENE, 4-",,,,,,,,
PENTACHLOROPHENOL,3.0E+00,USEPA Aquatic Organism Consumption,,3.0E+00,,,,
PENTAERYTHRITOLTETRANITRATE (PETN),,,,,,,,
PERCHLORATE,,,,,,,,
PHENANTHRENE,,,,,,,,
PHENOL,1.7E+06,USEPA Aquatic Organism Consumption,,1.7E+06,,,,
POLYCHLORINATED BIPHENYLS (PCBs),7.9E-05,HI DOH Fish Consumption,7.9E-05,6.4E-05,,,,
PROPICONAZOLE,,,,,,,,
PYRENE,4.0E+03,USEPA Aquatic Organism Consumption,,4.0E+03,,,,
SELENIUM,,,,,,,,
SILVER,,,,,,,,
SIMAZINE,,,,,,,,
STYRENE,,,,,,,,
TERBACIL,,,,,,,,
tert-BUTYL ALCOHOL,,,,,,,,
"TETRACHLOROETHANE, 1,1,1,2-",,,,,,,,
"TETRACHLOROETHANE, 1,1,2,2-",3.5E+00,HI DOH Fish Consumption,3.5E+00,4.0E+00,,,,
TETRACHLOROETHYLENE,2.9E+00,HI DOH Fish Consumption,2.90E+00,3.3E+00,,,,
"TETRACHLOROPHENOL, 2,3,4,6-",,,,,,,,
"TETRANITRO-1,3,5,7-TETRAAZOCYCLOOCTANE (HMX)",,,,,,,,
THALLIUM,1.6E+01,HI DOH Fish Consumption,1.6E+01,6.3E+00,,,,
TOLUENE,1.4E+05,HI DOH Fish Consumption,1.4E+05,2.0E+05,,,,
TOXAPHENE,2.4E-04,HI DOH Fish Consumption,2.4E-04,2.8E-04,,,,
TPH (gasolines),,,,,,,,
TPH (middle distillates),,,,,,,,
TPH (residual fuels),,,,,,,,
"TRICHLOROBENZENE, 1,2,4-",,,,,,,,
"TRICHLOROETHANE, 1,1,1-",3.4E+05,HI DOH Fish Consumption,3.4E+05,,,,,
"TRICHLOROETHANE, 1,1,2-",1.4E+01,HI DOH Fish Consumption,1.4E+01,1.6E+01,,,,
TRICHLOROETHYLENE,2.6E+01,HI DOH Fish Consumption,2.6E+01,3.0E+01,,,,
"TRICHLOROPHENOL, 2,4,5-",3.6E+03,USEPA Aquatic Organism Consumption,,3.6E+03,,,,
"TRICHLOROPHENOL, 2,4,6-",1.2E+00,HI DOH Fish Consumption,1.2E+00,,,,,
"TRICHLOROPHENOXYACETIC ACID, 2,4,5- (2,4,5-T)",,,,,,,,
"TRICHLOROPHENOXYPROPIONIC ACID, 2,4,5- (2,4,5-TP)",,,,,,,,
"TRICHLOROPROPANE, 1,2,3-",,,,,,,,
"TRICHLOROPROPENE, 1,2,3-",,,,,,,,
TRIFLURALIN,,,,,,,,
"TRINITROPHENYLMETHYLNITRAMINE, 2,4,6- (TETRYL)",,,,,,,,
"TRINITROTOLUENE, 1,3,5-",,,,,,,,
"TRINITROTOLUENE, 2,4,6- (TNT)",,,,,,,,
VANADIUM,,,,,,,,
VINYL CHLORIDE,1.7E+02,HI DOH Fish Consumption,1.70E+02,5.30E+02,,,,
XYLENES,,,,,,,,
ZINC,,,,,,,,
